{"slant_angle": 0.4999969482421875, "stroke_width_mean": 36.64987049102783, "stroke_width_std": 43.132718086242676, "letter_spacing_mean": 2.5735468946476407, "baseline_variance": 359.8364553581076, "pressure_mean": 0.6794814360815453, "pressure_std": 0.1006133998906279, "aspect_ratio_mean": 1.4714241392912364, "loop_density": 0.28553444967582225}